Filename,Avg test R2
001_pass_t_plus_2_summary.txt,0.2416
002_pass_t_plus_1_cross_summary.txt,0.4174
003_pass_t_plus_1_cross_summary.txt,0.4174
004_pass_t_plus_1_cross_summary.txt,-0.8542
005_pass_t_plus_1_cross_summary.txt,-0.8542
006_pass_t_plus_1_cross_summary.txt,0.4174
007_pass_t_plus_1_cross_summary.txt,0.4174
008_003_based_v1_003_based_summary.txt,S0=0.4134 ??B3=0.1639
009_003_based_Conly_fast_v1_summary.txt,C1=0.3884 | C2=-2075830.7016 | C3=-2075830.7012
010_r2_uplift_alias_v1_R1_summary.txt,-1880937.123
010_r2_uplift_alias_v1_S0_summary.txt,0.9141
010_r2_uplift_alias_v1_S1_summary.txt,0.9522
010_r2_uplift_alias_v1_TE2_summary.txt,0.9194
011_r2_uplift_alias_v1_S0+R1+W2_summary.txt,-1880937.123
011_r2_uplift_alias_v1_S0_summary.txt,0.9141
012_r2_uplift_alias_v2_R1_summary.txt,0.7461
012_r2_uplift_alias_v2_S0+R1+W2_summary.txt,0.7245
012_r2_uplift_alias_v2_S0+S1+IW_summary.txt,0.7973
012_r2_uplift_alias_v2_S0+TE2+W2_summary.txt,0.6579
012_r2_uplift_alias_v2_S0_summary.txt,0.6664
012_r2_uplift_alias_v2_S1_summary.txt,0.7861
012_r2_uplift_alias_v2_TE2_summary.txt,0.6612
012_r2_uplift_alias_v2_W2_summary.txt,0.6744
013_r2_uplift_alias_v2_S0_summary.txt,0.6664
013_r2_uplift_alias_v3_S0_summary.txt,0.6664
014_pass_t_plus_1_cross_summary.txt,0.4174
014_r2_leak_audit_003-ANCHOR(noLAG)_summary.txt,0.8978
014_r2_leak_audit_CURWARP-only_summary.txt,-0.845
014_r2_leak_audit_PERMUTE(noLAG)_summary.txt,0.9216
014_r2_leak_audit_S0+L1(lagON)_summary.txt,0.6664
014_r2_leak_audit_S0-noLAG_summary.txt,0.906
014_r2_uplift_alias_v3_S0_summary.txt,0.906
015_r2_uplift_alias_v3_S0_summary.txt,0.906
016_r2_uplift_alias_v3_S0__PERMUTE_summary.txt,-0.493
016_r2_uplift_alias_v3_S0_summary.txt,-0.3946
017_r2_uplift_final_v1_S0_summary.txt,-0.0835
017_r2_uplift_final_v2_S0+DF1_summary.txt,0.7305
017_r2_uplift_final_v2_S0+L1_summary.txt,0.6664
017_r2_uplift_final_v2_S0+PN1_summary.txt,0.3092
017_r2_uplift_final_v2_S0+T2_summary.txt,-4.5882
017_r2_uplift_final_v2_S0+TE2_summary.txt,0.9099
017_r2_uplift_final_v2_S0+W2_summary.txt,0.9069
017_r2_uplift_final_v2_S0_summary.txt,0.906
018_r2_uplift_final_v2_S0_summary.txt,-0.0765
019_r2_uplift_final_v2_S0_summary.txt,0.669
020_r2_uplift_final_v2_S0+DF1_summary.txt,0.8045
020_r2_uplift_final_v2_S0+L1_summary.txt,0.6974
020_r2_uplift_final_v2_S0+PN1_summary.txt,0.6758
020_r2_uplift_final_v2_S0+T2_summary.txt,-5.5723
020_r2_uplift_final_v2_S0+TE2_summary.txt,0.8476
020_r2_uplift_final_v2_S0+W2_summary.txt,0.8994
020_r2_uplift_final_v2_S0_summary.txt,0.9054
021_r2_uplift_final_v3_S0+L1_summary.txt,0.844
021_r2_uplift_final_v3_S0+PN1_summary.txt,0.8324
021_r2_uplift_final_v3_S0_summary.txt,0.9006
022_r2_grid_11_off_S0+BAG_summary.txt,0.8999
022_r2_grid_11_off_S0+IW_summary.txt,0.9037
022_r2_grid_11_off_S0+L1_summary.txt,0.7173
022_r2_grid_11_off_S0+M2_summary.txt,0.9062
022_r2_grid_11_off_S0+PN1_summary.txt,0.663
022_r2_grid_11_off_S0+R1_summary.txt,0.8409
022_r2_grid_11_off_S0+S1_summary.txt,0.905
022_r2_grid_11_off_S0+SEG_summary.txt,0.905
022_r2_grid_11_off_S0+T2_summary.txt,-5.61
022_r2_grid_11_off_S0+TE2_summary.txt,0.8274
022_r2_grid_11_off_S0+W2_summary.txt,0.9057
022_r2_grid_11_off_S0+X2E_MOE_summary.txt,0.5433
022_r2_grid_11_off_S0+X2E_RES_summary.txt,0.5398
022_r2_grid_11_off_S0+X2E_YJ_summary.txt,0.5412
022_r2_grid_11_off_S0_summary.txt,0.905
023_r2_grid_11_on_S0+BAG_summary.txt,0.8987
023_r2_grid_11_on_S0+IW_summary.txt,0.8982
023_r2_grid_11_on_S0+L1_summary.txt,0.8439
023_r2_grid_11_on_S0+M2_summary.txt,0.8979
023_r2_grid_11_on_S0+PN1_summary.txt,0.8323
023_r2_grid_11_on_S0+R1_summary.txt,0.8174
023_r2_grid_11_on_S0+S1_summary.txt,0.8988
023_r2_grid_11_on_S0+SEG_summary.txt,0.8988
023_r2_grid_11_on_S0+T2_summary.txt,-4.5693
023_r2_grid_11_on_S0+TE2_summary.txt,0.7957
023_r2_grid_11_on_S0+W2_summary.txt,0.8884
023_r2_grid_11_on_S0+X2E_MOE_summary.txt,0.078
023_r2_grid_11_on_S0+X2E_RES_summary.txt,0.2469
023_r2_grid_11_on_S0+X2E_YJ_summary.txt,0.1097
023_r2_grid_11_on_S0_summary.txt,0.8988
024_r2_grid_ABC_off_S0+BAG_summary.txt,0.8999
024_r2_grid_ABC_off_S0+IW_summary.txt,0.9037
024_r2_grid_ABC_off_S0+L1_summary.txt,0.7173
024_r2_grid_ABC_off_S0+M2_summary.txt,0.9062
024_r2_grid_ABC_off_S0+PN1_summary.txt,0.663
024_r2_grid_ABC_off_S0+R1_summary.txt,0.8409
024_r2_grid_ABC_off_S0+S1_summary.txt,0.905
024_r2_grid_ABC_off_S0+SEG_summary.txt,0.905
024_r2_grid_ABC_off_S0+T2_summary.txt,-5.61
024_r2_grid_ABC_off_S0+TE2_summary.txt,0.8274
024_r2_grid_ABC_off_S0+W2_summary.txt,0.9057
024_r2_grid_ABC_off_S0+X2E_MOE_summary.txt,0.5433
024_r2_grid_ABC_off_S0+X2E_RES_summary.txt,0.5398
024_r2_grid_ABC_off_S0+X2E_YJ_summary.txt,0.5412
024_r2_grid_ABC_off_S0_summary.txt,0.905
025_r2_grid_ABC_on_S0+L1_summary.txt,0.8439
025_r2_grid_ABC_on_S0+PN1_summary.txt,0.8323
025_r2_grid_ABC_on_S0+R1_summary.txt,0.8174
025_r2_grid_ABC_on_S0+S1_summary.txt,0.8988
025_r2_grid_ABC_on_S0_summary.txt,0.8988
026_r2_grid_11_off_S0+L1_summary.txt,-1.3055
026_r2_grid_11_off_S0+PN1_summary.txt,-0.5775
026_r2_grid_11_off_S0+R1_summary.txt,0.0926
026_r2_grid_11_off_S0+S1_summary.txt,0.096
026_r2_grid_11_off_S0_summary.txt,0.096
027_r2_uplift_final_v3_S0_summary.txt,0.096
028_r2_uplift_final_v4_S0_summary.txt,0.1174
029_r2_uplift_final_v4_S0_summary.txt,0.1081
030_r2_uplift_final_v4_S0_summary.txt,0.1096
031_r2_uplift_final_v4_perm_S0_summary.txt,-0.5058
032_pass_t_plus_1_cross_summary.txt,0.2937
032_r2_uplift_final_v4_s0strict_S0_summary.txt,0.0145
033_r2_uplift_final_v4_XGB_S0_summary.txt,0.1096
033_r2_uplift_final_v4_s0strict_S0+TE2_summary.txt,0.1014
033_r2_uplift_final_v4_s0strict_S0_summary.txt,0.1096
034_r2_uplift_final_v4_XGB_perm_S0_summary.txt,-0.5058
034_r2_uplift_final_v4_s0strict_perm_S0+TE2_summary.txt,-0.6098
034_r2_uplift_final_v4_s0strict_perm_S0_summary.txt,-0.5058
035_r2_uplift_final_v4_RF_S0_summary.txt,0.1096
036_r2_uplift_final_v4_RF_perm_S0_summary.txt,-0.5058
037_r2_uplift_final_v4_ET_S0_summary.txt,0.1096
038_r2_uplift_final_v4_ET_perm_S0_summary.txt,-0.5058
039_r2_uplift_final_v4_HGB_S0_summary.txt,0.1096
040_r2_uplift_final_v4_HGB_perm_S0_summary.txt,-0.5058
041_r2_uplift_final_v4_GBR_S0_summary.txt,0.1096
042_pass_t_plus_1_cross_summary.txt,0.2043
042_r2_uplift_final_v4_GBR_perm_S0_summary.txt,-0.5058
043_r2_uplift_final_v4_ENET_S0_summary.txt,0.1096
044_pass_t_plus_1_cross_summary.txt,0.2043
044_r2_uplift_final_v4_ENET_perm_S0_summary.txt,-0.5058
045_pass_t_plus_1_cross_summary.txt,-0.0083
045_r2_uplift_final_v4_XGB_ADV_S0+TE2_summary.txt,0.1014
045_r2_uplift_final_v4_XGB_ADV_S0_summary.txt,0.1096
046_pass_t_plus_1_cross_summary.txt,0.2043
046_r2_uplift_final_v4_XGB_ADV_perm_S0+TE2_summary.txt,-0.6098
046_r2_uplift_final_v4_XGB_ADV_perm_S0_summary.txt,-0.5058
047_pass_t_plus_1_cross_summary.txt,0.1892
048_pass_t_plus_1_cross_summary.txt,0.1841
049_pass_t_plus_1_cross_summary.txt,0.2043
050_pass_t_plus_1_cross_summary.txt,-0.0083
051_pass_t_plus_1_cross_summary.txt,-0.0136
052_pass_t_plus_1_cross_summary.txt,-0.0866
053_pass_t_plus_1_cross_summary.txt,-0.0866
054_pass_t_plus_1_cross_summary.txt,-0.0367
055_pass_t_plus_1_cross_summary.txt,0.3151
056_pass_t_plus_1_cross_summary.txt,0.3151
057_pass_t_plus_1_cross_summary.txt,0.3151
058_pass_t_plus_1_cross_summary.txt,0.3151
059_pass_t_plus_1_cross_summary.txt,0.3151
060_pass_t_plus_1_cross_summary.txt,0.3151
061_pass_t_plus_1_cross_summary.txt,0.3151
062_pass_t_plus_1_cross_summary.txt,0.3354
063_pass_t_plus_1_cross_summary.txt,0.3354
064_pass_t_plus_1_cross_summary.txt,0.3354
065_pass_t_plus_1_cross_summary.txt,0.3354
066_pass_t_plus_1_cross_summary.txt,0.3354
067_pass_t_plus_1_cross_summary.txt,0.3354
068_pass_t_plus_1_cross_summary.txt,0.3354
069_pass_t_plus_1_cross_summary.txt,0.3354
070_pass_t_plus_1_cross_summary.txt,0.3354
071_pass_t_plus_1_cross_summary.txt,0.3354
072_pass_t_plus_1_cross_summary.txt,0.3354
073_pass_t_plus_1_cross_summary.txt,0.3151
074_pass_t_plus_1_cross_summary.txt,0.3151
075_pass_t_plus_1_cross_summary.txt,0.3151
076_pass_t_plus_1_cross_summary.txt,0.3151
077_pass_t_plus_1_cross_summary.txt,0.3151
078_pass_t_plus_1_cross_summary.txt,0.3151
079_pass_t_plus_1_cross_summary.txt,0.3151
080_pass_t_plus_1_cross_summary.txt,0.3151
081_pass_t_plus_1_cross_summary.txt,0.3151
082_pass_t_plus_1_cross_summary.txt,0.3151
083_pass_t_plus_1_cross_summary.txt,0.3354
084_pass_t_plus_1_cross_summary.txt,0.9142
085_pass_t_plus_1_cross_summary.txt,0.2313
086_pass_t_plus_1_cross_summary.txt,0.2313
087_pass_t_plus_1_cross_summary.txt,0.2313
088_pass_t_plus_1_cross_summary.txt,0.2313
089__V2_pass_t_plus_1_cross_summary.txt,0.2098
090_pass_t_plus_1_cross_summary.txt,0.1966
091_pass_t_plus_1_cross_summary.txt,0.2576
092_test_no_op_summary.txt,0.1966
093_test_summary.txt,0.2209
094_test_no_op_summary.txt,0.253
094_test_summary.txt,0.1852
095_test_no_op_summary.txt,0.0991
095_test_summary.txt,0.2552
096_test_no_op_summary.txt,0.1207
097_test_no_op_summary.txt,0.1248
098_test_no_op_summary.txt,0.1248
099_test_no_op_summary.txt,0.1962
100_test_no_op_summary.txt,0.1913
101_test_no_op_summary.txt,0.1054
101_test_summary.txt,0.0978
102_test_no_op_summary.txt,0.153
103_test_no_op_summary.txt,0.2529
103_test_summary.txt,0.1725
104_test_no_op_summary.txt,0.2529
104_test_summary.txt,0.1725
105_test_no_op_summary.txt,0.2529
105_test_summary.txt,0.1376
106_test_no_op_summary.txt,0.2529
107_test_no_op_summary.txt,0.2529
108_test_no_op_summary.txt,0.2529
109_test_no_op_summary.txt,0.2529
110_test_no_op_summary.txt,0.2529
111_test_no_op_summary.txt,0.2529
112_test_no_op_summary.txt,0.2529
113_test_no_op_summary.txt,0.2529
114_test_no_op_summary.txt,0.253
115_test_no_op_summary.txt,0.253
116_test_no_op_summary.txt,0.253
117_test_no_op_summary.txt,0.253
118_test_no_op_summary.txt,0.2623
119_test_summary.txt,0.0534
120_test_summary.txt,0.0644
121_test_summary.txt,0.0508
122_test_summary.txt,0.1006
123_test_summary.txt,0.0818
124_test_summary.txt,0.0928
125_test_summary.txt,0.0792
126_test_summary.txt,0.129
127_test_summary.txt,0.0566
128_test_summary.txt,0.0677
129_test_summary.txt,0.054
130_test_summary.txt,0.1038
131_test_summary.txt,0.1266
132_test_summary.txt,0.1376
133_test_summary.txt,0.1239
134_test_summary.txt,0.1738
135_test_summary.txt,0.1832
136_test_summary.txt,0.1882
137_test_summary.txt,0.0094
138_test_summary.txt,0.1832
139_test_summary.txt,0.1882
140_test_summary.txt,0.0094
141_test_summary.txt,0.1878
142_test_summary.txt,0.1882
143_test_summary.txt,0.0094
144_test_summary.txt,0.1878
145_test_summary.txt,-0.1035
146_test_summary.txt,0.1469
147_test_summary.txt,0.1442
148_test_summary.txt,-0.1036
149_test_summary.txt,0.1493
150_test_summary.txt,-0.1041
151_test_summary.txt,-0.1042
152_test_summary.txt,-0.2595
153_test_summary.txt,0.1832
154_test_summary.txt,0.0102
155_test_summary.txt,0.1823
156_test_summary.txt,-0.1043
157_test_summary.txt,0.1745
158_test_summary.txt,0.0896
159_test_summary.txt,-0.1044
160_test_summary.txt,0.175
161_test_summary.txt,-0.1053
162_test_summary.txt,-0.1055
163_test_summary.txt,-0.2597
164_test_no_op_summary.txt,0.1663
165_test_no_op_summary.txt,0.0735
166_test_no_op_summary.txt,0.1689
167_test_no_op_summary.txt,-0.006
168_test_no_op_summary.txt,0.0358
169_test_no_op_summary.txt,0.0722
170_test_no_op_summary.txt,-0.5313
171_test_no_op_summary.txt,-0.0058
172_test_no_op_summary.txt,-0.5306
173_test_no_op_summary.txt,-0.5278
174_test_no_op_summary.txt,0.1659
175_test_no_op_summary.txt,0.0732
176_test_no_op_summary.txt,0.1687
177_test_no_op_summary.txt,-0.0061
178_test_no_op_summary.txt,0.0353
179_test_no_op_summary.txt,0.0719
180_test_no_op_summary.txt,-0.5315
181_test_no_op_summary.txt,-0.0059
182_test_no_op_summary.txt,-0.53
183_test_no_op_summary.txt,-0.5273
184_test_no_op_summary.txt,0.1858
185_test_no_op_summary.txt,0.133
186_test_no_op_summary.txt,0.188
187_test_no_op_summary.txt,-0.0027
188_test_no_op_summary.txt,0.0538
189_test_no_op_summary.txt,0.1311
190_test_no_op_summary.txt,-0.5107
191_test_no_op_summary.txt,-0.0022
192_test_no_op_summary.txt,-0.5091
193_test_no_op_summary.txt,-0.5037
194_test_no_op_summary.txt,0.1852
195_test_no_op_summary.txt,0.133
196_test_no_op_summary.txt,0.1878
197_test_no_op_summary.txt,-0.0019
198_test_no_op_summary.txt,0.0537
199_test_no_op_summary.txt,0.1307
200_test_no_op_summary.txt,-0.5097
201_test_no_op_summary.txt,-0.0014
202_test_no_op_summary.txt,-0.5079
203_test_no_op_summary.txt,-0.5024
204_test_no_op_summary.txt,0.1812
205_test_no_op_summary.txt,0.016
206_test_no_op_summary.txt,0.1921
207_test_no_op_summary.txt,-0.0069
208_test_no_op_summary.txt,0.0466
209_test_no_op_summary.txt,0.0185
210_test_no_op_summary.txt,-0.5404
211_test_no_op_summary.txt,-0.0066
212_test_no_op_summary.txt,-0.54
213_test_no_op_summary.txt,-0.5378
214_test_no_op_summary.txt,0.1811
215_test_no_op_summary.txt,0.0163
216_test_no_op_summary.txt,0.1919
217_test_no_op_summary.txt,-0.0065
218_test_no_op_summary.txt,0.0455
219_test_no_op_summary.txt,0.0189
220_test_no_op_summary.txt,-0.5413
221_test_no_op_summary.txt,-0.0062
222_test_no_op_summary.txt,-0.5409
223_test_no_op_summary.txt,-0.5386
224_test_no_op_summary.txt,0.2156
225_test_no_op_summary.txt,0.0943
226_test_no_op_summary.txt,0.2234
227_test_no_op_summary.txt,-0.0016
228_test_no_op_summary.txt,0.0758
229_test_no_op_summary.txt,0.0953
230_test_no_op_summary.txt,-0.5272
231_test_no_op_summary.txt,-0.0011
232_test_no_op_summary.txt,-0.5261
233_test_no_op_summary.txt,-0.5213
234_test_no_op_summary.txt,0.2157
235_test_no_op_summary.txt,0.0949
236_test_no_op_summary.txt,0.2236
237_test_no_op_summary.txt,-0.0016
238_test_no_op_summary.txt,0.0755
239_test_no_op_summary.txt,0.096
240_test_no_op_summary.txt,-0.527
241_test_no_op_summary.txt,-0.0013
242_test_no_op_summary.txt,-0.5259
243_test_no_op_summary.txt,-0.5212
244_test_summary.txt,0.1882
245_test_summary.txt,0.1882
246_test_summary.txt,-0.0024
247_test_summary.txt,0.1841
248_test_summary.txt,0.1409
249_test_summary.txt,0.1931
250_test_summary.txt,0.2513
251_test_summary.txt,-0.0167
252_test_summary.txt,-0.0485
253_test_summary.txt,-0.0024
254_test_summary.txt,0.0352
255_test_summary.txt,0.124
256_test_no_op_summary.txt,0.1669
257_test_no_op_summary.txt,0.1671
258_test_no_op_summary.txt,0.1856
259_test_no_op_summary.txt,0.1849
260_test_no_op_summary.txt,0.1931
261_test_no_op_summary.txt,0.1926
262_test_no_op_summary.txt,0.1745
263_test_no_op_summary.txt,0.1744
264_test_no_op_summary.txt,0.2055
265_test_no_op_summary.txt,0.206
266_test_no_op_summary.txt,0.2192
267_test_no_op_summary.txt,0.2193
268_test_summary.txt,0.1431
269_test_summary.txt,0.1284
270_test_summary.txt,0.207
271_test_summary.txt,0.0982
272_test_summary.txt,0.175
273_test_summary.txt,0.1504
274_test_no_op_summary.txt,0.1669
275_test_no_op_summary.txt,0.1671
276_test_no_op_summary.txt,0.1856
277_test_no_op_summary.txt,0.1849
278_test_no_op_summary.txt,0.1931
279_test_no_op_summary.txt,0.1926
280_test_no_op_summary.txt,0.1745
281_test_no_op_summary.txt,0.1744
282_test_no_op_summary.txt,0.2055
283_test_no_op_summary.txt,0.206
284_test_no_op_summary.txt,0.2192
285_test_no_op_summary.txt,0.2193
286_test_no_op_summary.txt,0.1657
287_test_no_op_summary.txt,0.1661
288_test_no_op_summary.txt,0.1854
289_test_no_op_summary.txt,0.185
290_test_no_op_summary.txt,0.194
291_test_no_op_summary.txt,0.1939
292_test_no_op_summary.txt,0.1874
293_test_no_op_summary.txt,0.1871
294_test_no_op_summary.txt,0.2119
295_test_no_op_summary.txt,0.2122
296_test_no_op_summary.txt,0.2204
297_test_no_op_summary.txt,0.2205
298_test_no_op_summary.txt,0.1669
299_test_no_op_summary.txt,0.1671
300_test_no_op_summary.txt,0.1856
301_test_no_op_summary.txt,0.1849
302_test_no_op_summary.txt,0.1931
303_test_no_op_summary.txt,0.1926
304_test_no_op_summary.txt,0.1745
305_test_no_op_summary.txt,0.1744
306_test_no_op_summary.txt,0.2055
307_test_no_op_summary.txt,0.206
308_test_no_op_summary.txt,0.2192
309_test_no_op_summary.txt,0.2193
310_test_no_op_summary.txt,0.1657
311_test_no_op_summary.txt,0.1661
312_test_no_op_summary.txt,0.1854
313_test_no_op_summary.txt,0.185
314_test_no_op_summary.txt,0.194
315_test_no_op_summary.txt,0.1939
316_test_no_op_summary.txt,0.1874
317_test_no_op_summary.txt,0.1871
318_test_no_op_summary.txt,0.2119
319_test_no_op_summary.txt,0.2122
320_test_no_op_summary.txt,0.2204
321_test_no_op_summary.txt,0.2205
322_test_summary.txt,0.23
323_test_summary.txt,0.2149
324_test_summary.txt,0.2226
325_test_summary.txt,0.2077
326_test_summary.txt,0.1534
327_test_summary.txt,0.1642
328_test_summary.txt,0.1479
329_test_summary.txt,0.1559
330_test_summary.txt,0.207
331_test_summary.txt,0.207
332_test_summary.txt,0.2074
333_test_summary.txt,-0.0002
334_test_summary.txt,-0.0037
335_test_summary.txt,0.1968
336_test_summary.txt,0.19
337_test_summary.txt,0.1911
338_test_summary.txt,0.1877
