Filename,Avg test R2,.py Filename 1,Leak,Reason,.py Filename 2,Leak,Reason
010_r2_uplift_alias_v1_S1_summary.txt,0.9522,010_003_r2_uplift_suite.py,Y,179
014_r2_leak_audit_PERMUTE(noLAG)_summary.txt,0.9216,014_003_r2_uplift_suite.py,Y,178,014_experiment.py,Y,127
010_r2_uplift_alias_v1_TE2_summary.txt,0.9194,010_003_r2_uplift_suite.py,Y,179
084_pass_t_plus_1_cross_summary.txt,0.9142,084_test.py,Y,106
010_r2_uplift_alias_v1_S0_summary.txt,0.9141,010_003_r2_uplift_suite.py,Y,179
011_r2_uplift_alias_v1_S0_summary.txt,0.9141,011_003_r2_uplift_suite_2.py,Y,179
017_r2_uplift_final_v2_S0+TE2_summary.txt,0.9099,017_test.py,Y,181,017_test_no_op.py,Y,178
017_r2_uplift_final_v2_S0+W2_summary.txt,0.9069,017_test.py,Y,181,017_test_no_op.py,Y,178
022_r2_grid_11_off_S0+M2_summary.txt,0.9062,022_test_no_op.py,Y,213
024_r2_grid_ABC_off_S0+M2_summary.txt,0.9062,024_test_no_op.py,Y,213
014_r2_leak_audit_S0-noLAG_summary.txt,0.906,014_003_r2_uplift_suite.py,Y,178,014_experiment.py,Y,127
014_r2_uplift_alias_v3_S0_summary.txt,0.906,014_003_r2_uplift_suite.py,Y,178,014_experiment.py,Y,127
015_r2_uplift_alias_v3_S0_summary.txt,0.906,015_003_r2_uplift_suite.py,Y,178
017_r2_uplift_final_v2_S0_summary.txt,0.906,017_test.py,Y,181,017_test_no_op.py,Y,178
022_r2_grid_11_off_S0+W2_summary.txt,0.9057,022_test_no_op.py,Y,213
024_r2_grid_ABC_off_S0+W2_summary.txt,0.9057,024_test_no_op.py,Y,213
020_r2_uplift_final_v2_S0_summary.txt,0.9054,020_test_no_op.py,Y,168
022_r2_grid_11_off_S0+S1_summary.txt,0.905,022_test_no_op.py,Y,213
022_r2_grid_11_off_S0+SEG_summary.txt,0.905,022_test_no_op.py,Y,213
022_r2_grid_11_off_S0_summary.txt,0.905,022_test_no_op.py,Y,213
024_r2_grid_ABC_off_S0+S1_summary.txt,0.905,024_test_no_op.py,Y,213
024_r2_grid_ABC_off_S0+SEG_summary.txt,0.905,024_test_no_op.py,Y,213
024_r2_grid_ABC_off_S0_summary.txt,0.905,024_test_no_op.py,Y,213
022_r2_grid_11_off_S0+IW_summary.txt,0.9037,022_test_no_op.py,Y,213
024_r2_grid_ABC_off_S0+IW_summary.txt,0.9037,024_test_no_op.py,Y,213
021_r2_uplift_final_v3_S0_summary.txt,0.9006,021_test.py,Y,172
022_r2_grid_11_off_S0+BAG_summary.txt,0.8999,022_test_no_op.py,Y,213
024_r2_grid_ABC_off_S0+BAG_summary.txt,0.8999,024_test_no_op.py,Y,213
020_r2_uplift_final_v2_S0+W2_summary.txt,0.8994,020_test_no_op.py,Y,168
023_r2_grid_11_on_S0+S1_summary.txt,0.8988,023_test_no_op.py,Y,213
023_r2_grid_11_on_S0+SEG_summary.txt,0.8988,023_test_no_op.py,Y,213
023_r2_grid_11_on_S0_summary.txt,0.8988,023_test_no_op.py,Y,213
025_r2_grid_ABC_on_S0+S1_summary.txt,0.8988,025_test_no_op.py,Y,213
025_r2_grid_ABC_on_S0_summary.txt,0.8988,025_test_no_op.py,Y,213
023_r2_grid_11_on_S0+BAG_summary.txt,0.8987,023_test_no_op.py,Y,213
023_r2_grid_11_on_S0+IW_summary.txt,0.8982,023_test_no_op.py,Y,213
023_r2_grid_11_on_S0+M2_summary.txt,0.8979,023_test_no_op.py,Y,213
014_r2_leak_audit_003-ANCHOR(noLAG)_summary.txt,0.8978,014_003_r2_uplift_suite.py,Y,178,014_experiment.py,Y,127
023_r2_grid_11_on_S0+W2_summary.txt,0.8884,023_test_no_op.py,Y,213
020_r2_uplift_final_v2_S0+TE2_summary.txt,0.8476,020_test_no_op.py,Y,168
021_r2_uplift_final_v3_S0+L1_summary.txt,0.844,021_test.py,Y,172
023_r2_grid_11_on_S0+L1_summary.txt,0.8439,023_test_no_op.py,Y,213
025_r2_grid_ABC_on_S0+L1_summary.txt,0.8439,025_test_no_op.py,Y,213
022_r2_grid_11_off_S0+R1_summary.txt,0.8409,022_test_no_op.py,Y,213
024_r2_grid_ABC_off_S0+R1_summary.txt,0.8409,024_test_no_op.py,Y,213
021_r2_uplift_final_v3_S0+PN1_summary.txt,0.8324,021_test.py,Y,172
023_r2_grid_11_on_S0+PN1_summary.txt,0.8323,023_test_no_op.py,Y,213
025_r2_grid_ABC_on_S0+PN1_summary.txt,0.8323,025_test_no_op.py,Y,213
022_r2_grid_11_off_S0+TE2_summary.txt,0.8274,022_test_no_op.py,Y,213
024_r2_grid_ABC_off_S0+TE2_summary.txt,0.8274,024_test_no_op.py,Y,213
023_r2_grid_11_on_S0+R1_summary.txt,0.8174,023_test_no_op.py,Y,213
025_r2_grid_ABC_on_S0+R1_summary.txt,0.8174,025_test_no_op.py,Y,213
020_r2_uplift_final_v2_S0+DF1_summary.txt,0.8045,020_test_no_op.py,Y,168
012_r2_uplift_alias_v2_S0+S1+IW_summary.txt,0.7973,012_003_r2_uplift_suite.py,Y,174,012_003_r2_uplift_suite_2.py,Y,174
023_r2_grid_11_on_S0+TE2_summary.txt,0.7957,023_test_no_op.py,Y,213
012_r2_uplift_alias_v2_S1_summary.txt,0.7861,012_003_r2_uplift_suite.py,Y,174,012_003_r2_uplift_suite_2.py,Y,174
012_r2_uplift_alias_v2_R1_summary.txt,0.7461,012_003_r2_uplift_suite.py,Y,174,012_003_r2_uplift_suite_2.py,Y,174
017_r2_uplift_final_v2_S0+DF1_summary.txt,0.7305,017_test.py,Y,181,017_test_no_op.py,Y,178
012_r2_uplift_alias_v2_S0+R1+W2_summary.txt,0.7245,012_003_r2_uplift_suite.py,Y,174,012_003_r2_uplift_suite_2.py,Y,174
022_r2_grid_11_off_S0+L1_summary.txt,0.7173,022_test_no_op.py,Y,213
024_r2_grid_ABC_off_S0+L1_summary.txt,0.7173,024_test_no_op.py,Y,213
020_r2_uplift_final_v2_S0+L1_summary.txt,0.6974,020_test_no_op.py,Y,168
020_r2_uplift_final_v2_S0+PN1_summary.txt,0.6758,020_test_no_op.py,Y,168
012_r2_uplift_alias_v2_W2_summary.txt,0.6744,012_003_r2_uplift_suite.py,Y,174,012_003_r2_uplift_suite_2.py,Y,174
019_r2_uplift_final_v2_S0_summary.txt,0.669,019_test_no_op.py,Y,167
012_r2_uplift_alias_v2_S0_summary.txt,0.6664,012_003_r2_uplift_suite.py,Y,174,012_003_r2_uplift_suite_2.py,Y,174
013_r2_uplift_alias_v2_S0_summary.txt,0.6664,013_003_r2_uplift_suite.py,Y,177,013_003_r2_uplift_suite_2.py,Y,177
013_r2_uplift_alias_v3_S0_summary.txt,0.6664,013_003_r2_uplift_suite.py,Y,177,013_003_r2_uplift_suite_2.py,Y,177
014_r2_leak_audit_S0+L1(lagON)_summary.txt,0.6664,014_003_r2_uplift_suite.py,Y,178,014_experiment.py,Y,127
017_r2_uplift_final_v2_S0+L1_summary.txt,0.6664,017_test.py,Y,181,017_test_no_op.py,Y,178
022_r2_grid_11_off_S0+PN1_summary.txt,0.663,022_test_no_op.py,Y,213
024_r2_grid_ABC_off_S0+PN1_summary.txt,0.663,024_test_no_op.py,Y,213
012_r2_uplift_alias_v2_TE2_summary.txt,0.6612,012_003_r2_uplift_suite.py,Y,174,012_003_r2_uplift_suite_2.py,Y,174
012_r2_uplift_alias_v2_S0+TE2+W2_summary.txt,0.6579,012_003_r2_uplift_suite.py,Y,174,012_003_r2_uplift_suite_2.py,Y,174
022_r2_grid_11_off_S0+X2E_MOE_summary.txt,0.5433,022_test_no_op.py,Y,213
024_r2_grid_ABC_off_S0+X2E_MOE_summary.txt,0.5433,024_test_no_op.py,Y,213
022_r2_grid_11_off_S0+X2E_YJ_summary.txt,0.5412,022_test_no_op.py,Y,213
024_r2_grid_ABC_off_S0+X2E_YJ_summary.txt,0.5412,024_test_no_op.py,Y,213
022_r2_grid_11_off_S0+X2E_RES_summary.txt,0.5398,022_test_no_op.py,Y,213
024_r2_grid_ABC_off_S0+X2E_RES_summary.txt,0.5398,024_test_no_op.py,Y,213
002_pass_t_plus_1_cross_summary.txt,0.4174,002_experiment.py,Y,126
003_pass_t_plus_1_cross_summary.txt,0.4174,003_experiment.py,Y,127
006_pass_t_plus_1_cross_summary.txt,0.4174,006_experiment.py,Y,134
007_pass_t_plus_1_cross_summary.txt,0.4174,007_experiment.py,Y,127
014_pass_t_plus_1_cross_summary.txt,0.4174,014_003_r2_uplift_suite.py,Y,178,014_experiment.py,Y,127
062_pass_t_plus_1_cross_summary.txt,0.3354,062_experiment.py,Y,130
063_pass_t_plus_1_cross_summary.txt,0.3354,063_experiment.py,Y,130
064_pass_t_plus_1_cross_summary.txt,0.3354,064_experiment.py,Y,130
065_pass_t_plus_1_cross_summary.txt,0.3354,065_experiment.py,Y,130
066_pass_t_plus_1_cross_summary.txt,0.3354,066_experiment.py,Y,130
067_pass_t_plus_1_cross_summary.txt,0.3354,067_experiment.py,Y,130
068_pass_t_plus_1_cross_summary.txt,0.3354,068_experiment.py,Y,130
069_pass_t_plus_1_cross_summary.txt,0.3354,069_experiment.py,Y,130
070_pass_t_plus_1_cross_summary.txt,0.3354,070_experiment.py,Y,130
071_pass_t_plus_1_cross_summary.txt,0.3354,071_experiment.py,Y,130
072_pass_t_plus_1_cross_summary.txt,0.3354,072_experiment.py,Y,130
083_pass_t_plus_1_cross_summary.txt,0.3354,083_experiment.py,Y,130
055_pass_t_plus_1_cross_summary.txt,0.3151,055_experiment.py,Y,129
056_pass_t_plus_1_cross_summary.txt,0.3151,056_experiment.py,Y,129
057_pass_t_plus_1_cross_summary.txt,0.3151,057_experiment.py,Y,129
058_pass_t_plus_1_cross_summary.txt,0.3151,058_experiment.py,Y,129
059_pass_t_plus_1_cross_summary.txt,0.3151,059_experiment.py,Y,129
060_pass_t_plus_1_cross_summary.txt,0.3151,060_experiment.py,Y,129
061_pass_t_plus_1_cross_summary.txt,0.3151,061_experiment.py,Y,129
073_pass_t_plus_1_cross_summary.txt,0.3151,073_experiment.py,Y,130
074_pass_t_plus_1_cross_summary.txt,0.3151,074_experiment.py,Y,130
075_pass_t_plus_1_cross_summary.txt,0.3151,075_experiment.py,Y,130
076_pass_t_plus_1_cross_summary.txt,0.3151,076_experiment.py,Y,130
077_pass_t_plus_1_cross_summary.txt,0.3151,077_experiment.py,Y,130
078_pass_t_plus_1_cross_summary.txt,0.3151,078_experiment.py,Y,130
079_pass_t_plus_1_cross_summary.txt,0.3151,079_experiment.py,Y,130
080_pass_t_plus_1_cross_summary.txt,0.3151,080_experiment.py,Y,130
081_pass_t_plus_1_cross_summary.txt,0.3151,081_experiment.py,Y,130
082_pass_t_plus_1_cross_summary.txt,0.3151,082_experiment.py,Y,130
017_r2_uplift_final_v2_S0+PN1_summary.txt,0.3092,017_test.py,Y,181,017_test_no_op.py,Y,178
032_pass_t_plus_1_cross_summary.txt,0.2937,032_experiment.py,Y,126,032_test.py,Y,216
118_test_no_op_summary.txt,0.2623,118_test.py,Y,175,118_test_no_op.py,Y,184
091_pass_t_plus_1_cross_summary.txt,0.2576,091_experiment.py,Y,372,091_test.py,Y,126
095_test_summary.txt,0.2552,095_experiment.py,Y,190,095_test.py,Y,158
094_test_no_op_summary.txt,0.253,094_experiment.py,Y,156
114_test_no_op_summary.txt,0.253,114_test_no_op.py,Y,156
115_test_no_op_summary.txt,0.253,115_test_no_op.py,Y,156
116_test_no_op_summary.txt,0.253,116_test_no_op.py,Y,156
117_test_no_op_summary.txt,0.253,117_test_no_op.py,Y,156
103_test_no_op_summary.txt,0.2529,103_test.py,Y,169,103_test_no_op.py,Y,156
104_test_no_op_summary.txt,0.2529,104_test.py,Y,169,104_test_no_op.py,Y,156
105_test_no_op_summary.txt,0.2529,105_test.py,Y,169,105_test_no_op.py,Y,156
106_test_no_op_summary.txt,0.2529,106_test.py,Y,169,106_test_no_op.py,Y,156
107_test_no_op_summary.txt,0.2529,107_test_no_op.py,Y,156
108_test_no_op_summary.txt,0.2529,108_test_no_op.py,Y,156
109_test_no_op_summary.txt,0.2529,109_test_no_op.py,Y,156
110_test_no_op_summary.txt,0.2529,110_test_no_op.py,Y,156
111_test_no_op_summary.txt,0.2529,111_test_no_op.py,Y,156
112_test_no_op_summary.txt,0.2529,112_test_no_op.py,Y,156
113_test_no_op_summary.txt,0.2529,113_test_no_op.py,Y,156
250_test_summary.txt,0.2513,250_test.py,Y,235
